convertible_s_001849.png,10,1
fallow_deer_s_001519.png,10,4
speedboat_s_001948.png,10,8
pickerel_frog_s_000696.png,10,6
camion_s_001422.png,10,9
container_ship_s_001253.png,10,8
dunnock_s_001089.png,10,2
cargo_ship_s_001858.png,10,8
attack_aircraft_s_000321.png,10,0
muntjac_s_000136.png,10,4
pekinese_s_001162.png,10,5
convertible_s_001307.png,10,1
convertible_s_002869.png,10,1
bufo_viridis_s_001088.png,10,6
king_charles_spaniel_s_000082.png,10,5
lipizzan_s_001399.png,10,7
freighter_s_000046.png,10,8
pekingese_s_002217.png,10,5
cat_s_002502.png,10,3
container_ship_s_002237.png,10,8
monoplane_s_001188.png,10,0
station_wagon_s_001109.png,10,1
monoplane_s_001285.png,10,0
stealth_fighter_s_001108.png,10,0
bufo_calamita_s_000712.png,10,6
mongrel_s_001315.png,10,5
compact_car_s_000074.png,10,1
airbus_s_001645.png,10,0
lorry_s_001492.png,10,9
hydrofoil_s_001256.png,10,8
estate_car_s_001437.png,10,1
cargo_ship_s_000821.png,10,8
stud_mare_s_000678.png,10,7
alley_cat_s_000013.png,10,3
toy_dog_s_000112.png,10,5
bufo_s_001404.png,10,6
emu_s_000992.png,10,2
coupe_s_000626.png,10,1
truck_s_001161.png,10,9
gelding_s_000528.png,10,7
gelding_s_000487.png,10,7
puppy_s_000574.png,10,5
pekingese_s_000602.png,10,5
ladder_truck_s_001382.png,10,9
merchant_ship_s_000700.png,10,8
maltese_dog_s_000035.png,10,5
dunnock_s_001230.png,10,2
ostrich_s_000011.png,10,2
pontoon_s_001597.png,10,8
struthio_camelus_s_000145.png,10,2
delivery_truck_s_000570.png,10,9
tabby_s_001717.png,10,3
iceboat_s_000588.png,10,8
cervus_elaphus_s_000165.png,10,4
cat_s_001805.png,10,3
truck_s_000149.png,10,9
passerine_s_000168.png,10,2
puppy_s_000654.png,10,5
motorboat_s_000306.png,10,8
police_cruiser_s_000582.png,10,1
shooting_brake_s_001323.png,10,1
finch_s_000164.png,10,2
tabby_cat_s_002754.png,10,3
ambulance_s_001316.png,10,1
felis_catus_s_001250.png,10,3
airplane_s_000359.png,10,0
bufo_bufo_s_001457.png,10,6
articulated_lorry_s_000054.png,10,9
cat_s_000279.png,10,3
lipizzan_s_000604.png,10,7
tipper_truck_s_001665.png,10,9
pekingese_s_002072.png,10,5
stallion_s_001504.png,10,7
roe_deer_s_000561.png,10,4
biplane_s_000764.png,10,0
mule_deer_s_002467.png,10,4
tabby_s_002065.png,10,3
american_elk_s_000987.png,10,4
police_boat_s_001119.png,10,8
pekinese_s_000087.png,10,5
pekingese_s_002175.png,10,5
anthus_pratensis_s_000436.png,10,2
mackinaw_boat_s_000266.png,10,8
domestic_cat_s_000109.png,10,3
broodmare_s_001716.png,10,7
meadow_pipit_s_000071.png,10,2
tabby_s_002248.png,10,3
wrecker_s_000664.png,10,9
bufo_marinus_s_000071.png,10,6
dog_s_000200.png,10,5
honey_eater_s_001301.png,10,2
merchant_ship_s_001695.png,10,8
american_elk_s_001672.png,10,4
appaloosa_s_002260.png,10,7
police_cruiser_s_000035.png,10,1
icebreaker_s_000002.png,10,8
convertible_s_001492.png,10,1
shooting_brake_s_000365.png,10,1
cervus_elaphus_s_000387.png,10,4
jumbojet_s_000280.png,10,0
leopard_frog_s_000494.png,10,6
compact_car_s_001523.png,10,1
pantechnicon_s_000289.png,10,9
pekinese_s_001163.png,10,5
tomcat_s_000515.png,10,3
motorcar_s_000493.png,10,1
pontoon_s_001425.png,10,8
struthio_camelus_s_001017.png,10,2
police_cruiser_s_000348.png,10,1
convertible_s_000051.png,10,1
bird_s_001252.png,10,2
gelding_s_000988.png,10,7
bufo_viridis_s_001498.png,10,6
domestic_cat_s_001663.png,10,3
trailer_truck_s_000821.png,10,9
fawn_s_001488.png,10,4
fire_truck_s_002393.png,10,9
wrecker_s_002091.png,10,9
emu_s_000653.png,10,2
aerial_ladder_truck_s_000191.png,10,9
coupe_s_000426.png,10,1
puppy_s_000424.png,10,5
odocoileus_hemionus_s_000298.png,10,4
ostrich_s_001968.png,10,2
car_s_001440.png,10,1
lorry_s_001440.png,10,9
cascades_frog_s_000049.png,10,6
broodmare_s_001456.png,10,7
tabby_cat_s_002752.png,10,3
mongrel_s_000810.png,10,5
leopard_frog_s_001331.png,10,6
tabby_cat_s_000947.png,10,3
ship_s_000363.png,10,8
walking_horse_s_000668.png,10,7
equus_caballus_s_000254.png,10,7
ladder_truck_s_001408.png,10,9
toy_spaniel_s_000982.png,10,5
stealth_fighter_s_001684.png,10,0
tug_s_000215.png,10,8
alytes_obstetricans_s_000068.png,10,6
maltese_s_000864.png,10,5
prunella_modularis_s_000006.png,10,2
toy_s_002487.png,10,5
ostrich_s_000571.png,10,2
fire_truck_s_000893.png,10,9
attack_aircraft_s_000758.png,10,0
semi_s_000755.png,10,9
cruiser_s_000772.png,10,1
true_cat_s_001918.png,10,3
airliner_s_001298.png,10,0
station_wagon_s_000889.png,10,1
true_cat_s_000106.png,10,3
bird_s_001998.png,10,2
wagtail_s_000013.png,10,2
fawn_s_000252.png,10,4
freighter_s_000287.png,10,8
mouser_s_000769.png,10,3
fallow_deer_s_000029.png,10,4
dredger_s_001019.png,10,8
airbus_s_001191.png,10,0
domestic_cat_s_002004.png,10,3
station_wagon_s_000098.png,10,1
toy_dog_s_000559.png,10,5
trucking_rig_s_000453.png,10,9
auto_s_001172.png,10,1
mouser_s_000198.png,10,3
shooting_brake_s_000069.png,10,1
motorcar_s_001967.png,10,1
alytes_obstetricans_s_000264.png,10,6
arabian_s_000438.png,10,7
tanker_s_002349.png,10,8
pekingese_s_002232.png,10,5
bufo_bufo_s_000099.png,10,6
lippizan_s_000023.png,10,7
airbus_s_002295.png,10,0
roe_deer_s_000106.png,10,4
dromaius_novaehollandiae_s_000110.png,10,2
garbage_truck_s_000031.png,10,9
puppy_s_000067.png,10,5
auto_s_001773.png,10,1
jumbo_jet_s_000171.png,10,0
odocoileus_hemionus_s_000152.png,10,4
walking_horse_s_001890.png,10,7
maltese_dog_s_000467.png,10,5
tabby_s_000995.png,10,3
sparrow_s_000281.png,10,2
motorcar_s_001974.png,10,1
tipper_s_001008.png,10,9
domestic_cat_s_001647.png,10,3
domestic_cat_s_000552.png,10,3
mouser_s_000082.png,10,3
jetliner_s_000774.png,10,0
ostrich_s_000527.png,10,2
pekingese_s_002803.png,10,5
tailed_frog_s_000665.png,10,6
passenger_ship_s_000619.png,10,8
rana_temporaria_s_001375.png,10,6
containership_s_000083.png,10,8
fighter_aircraft_s_001355.png,10,0
tabby_cat_s_002527.png,10,3
alauda_arvensis_s_000440.png,10,2
maltese_dog_s_001437.png,10,5
delivery_van_s_000084.png,10,9
camion_s_001735.png,10,9
moving_van_s_002053.png,10,9
cargo_ship_s_000803.png,10,8
dustcart_s_000043.png,10,9
sika_s_000656.png,10,4
roe_deer_s_000346.png,10,4
rana_temporaria_s_000259.png,10,6
car_s_001316.png,10,1
cassowary_s_000066.png,10,2
spadefoot_s_000162.png,10,6
fire_engine_s_001552.png,10,9
red_deer_s_000329.png,10,4
dumper_s_001594.png,10,9
dog_s_001319.png,10,5
cat_s_001231.png,10,3
ostrich_s_000212.png,10,2
airbus_s_001458.png,10,0
felis_domesticus_s_000456.png,10,3
fighter_aircraft_s_000843.png,10,0
lippizaner_s_000761.png,10,7
stud_mare_s_001668.png,10,7
bullfrog_s_000648.png,10,6
dog_s_001158.png,10,5
muntjac_s_000559.png,10,4
tipper_truck_s_000039.png,10,9
broodmare_s_001856.png,10,7
bird_s_000669.png,10,2
tow_truck_s_000056.png,10,9
police_cruiser_s_000012.png,10,1
rana_clamitans_s_000081.png,10,6
oil_tanker_s_000444.png,10,8
container_ship_s_000778.png,10,8
pleasure_craft_s_001851.png,10,8
chihuahua_s_001327.png,10,5
guard_boat_s_000158.png,10,8
rhea_americana_s_000275.png,10,2
wrecker_s_002367.png,10,9
lippizaner_s_001178.png,10,7
mutt_s_000989.png,10,5
fallow_deer_s_000541.png,10,4
tennessee_walking_horse_s_001481.png,10,7
maltese_s_001427.png,10,5
dog_s_000951.png,10,5
racing_boat_s_000146.png,10,8
tennessee_walking_horse_s_001182.png,10,7
mutt_s_002190.png,10,5
lorry_s_001798.png,10,9
elk_s_001929.png,10,4
felis_domesticus_s_000294.png,10,3
gelding_s_000331.png,10,7
tabby_s_001422.png,10,3
fire_engine_s_001156.png,10,9
airbus_s_000332.png,10,0
cat_s_000992.png,10,3
moose_s_001132.png,10,4
fighter_aircraft_s_000449.png,10,0
fighter_aircraft_s_000330.png,10,0
lightship_s_001633.png,10,8
tabby_s_002061.png,10,3
pilot_boat_s_000855.png,10,8
trucking_rig_s_001385.png,10,9
rana_pipiens_s_000361.png,10,6
domestic_dog_s_000360.png,10,5
ambulance_s_001816.png,10,1
fighter_aircraft_s_001674.png,10,0
cargo_ship_s_000712.png,10,8
bufo_bufo_s_001517.png,10,6
passenger_ship_s_002316.png,10,8
passenger_ship_s_000988.png,10,8
cat_s_002668.png,10,3
plane_s_000473.png,10,0
house_cat_s_000725.png,10,3
coupe_s_001621.png,10,1
iceboat_s_000293.png,10,8
tennessee_walking_horse_s_000211.png,10,7
stealth_bomber_s_001453.png,10,0
fire_engine_s_001293.png,10,9
chihuahua_s_000907.png,10,5
shooting_brake_s_000439.png,10,1
convertible_s_000673.png,10,1
lark_s_001185.png,10,2
jumbo_jet_s_000113.png,10,0
coupe_s_000407.png,10,1
automobile_s_000973.png,10,1
fighter_aircraft_s_001361.png,10,0
maltese_dog_s_000027.png,10,5
merchantman_s_001734.png,10,8
frog_s_000163.png,10,6
iceboat_s_000676.png,10,8
red_deer_s_001079.png,10,4
biplane_s_001727.png,10,0
stealth_bomber_s_001977.png,10,0
broodmare_s_000665.png,10,7
fawn_s_000001.png,10,4
woodland_caribou_s_000452.png,10,4
oil_tanker_s_001641.png,10,8
arabian_s_000892.png,10,7
dump_truck_s_000052.png,10,9
walking_horse_s_000273.png,10,7
deer_s_000236.png,10,4
tabby_cat_s_002316.png,10,3
dump_truck_s_000115.png,10,9
broodmare_s_001669.png,10,7
delivery_truck_s_001312.png,10,9
stallion_s_000399.png,10,7
cargo_vessel_s_000267.png,10,8
stealth_fighter_s_000121.png,10,0
station_wagon_s_000775.png,10,1
dunnock_s_000004.png,10,2
guard_boat_s_001020.png,10,8
merchant_ship_s_001766.png,10,8
car_s_000864.png,10,1
container_ship_s_000821.png,10,8
camion_s_002305.png,10,9
appaloosa_s_002187.png,10,7
airbus_s_000301.png,10,0
liner_s_000339.png,10,8
chihuahua_s_002178.png,10,5
european_toad_s_000244.png,10,6
convertible_s_001141.png,10,1
stealth_bomber_s_000404.png,10,0
toy_spaniel_s_001524.png,10,5
quarter_horse_s_000328.png,10,7
dump_truck_s_001515.png,10,9
alauda_arvensis_s_000275.png,10,2
cat_s_000281.png,10,3
maltese_s_001817.png,10,5
bufo_bufo_s_000050.png,10,6
passenger_ship_s_002077.png,10,8
toy_dog_s_000876.png,10,5
struthio_camelus_s_001293.png,10,2
felis_catus_s_001049.png,10,3
cabin_cruiser_s_001752.png,10,8
guard_boat_s_000109.png,10,8
convertible_s_001372.png,10,1
ambulance_s_001676.png,10,1
camion_s_002065.png,10,9
airbus_s_000340.png,10,0
sea_boat_s_001953.png,10,8
alauda_arvensis_s_000744.png,10,2
tabby_cat_s_001044.png,10,3
stealth_bomber_s_000066.png,10,0
capreolus_capreolus_s_000288.png,10,4
tabby_cat_s_000612.png,10,3
true_cat_s_000573.png,10,3
tabby_s_000598.png,10,3
lipizzan_s_001588.png,10,7
dive_bomber_s_001141.png,10,0
sparrow_s_001538.png,10,2
alytes_obstetricans_s_000190.png,10,6
sea_boat_s_000713.png,10,8
alauda_arvensis_s_000089.png,10,2
gelding_s_000763.png,10,7
ostrich_s_001459.png,10,2
wagtail_s_002060.png,10,2
container_vessel_s_000650.png,10,8
pekinese_s_000601.png,10,5
green_frog_s_001172.png,10,6
shooting_brake_s_000875.png,10,1
lippizan_s_000476.png,10,7
dawn_horse_s_001497.png,10,7
fawn_s_000011.png,10,4
nandu_s_000155.png,10,2
muntjac_s_000556.png,10,4
bufo_viridis_s_000114.png,10,6
automobile_s_001544.png,10,1
leopard_frog_s_000262.png,10,6
convertible_s_000314.png,10,1
tabby_cat_s_001539.png,10,3
attack_aircraft_s_001661.png,10,0
skylark_s_001741.png,10,2
puppy_s_001216.png,10,5
mongrel_s_000575.png,10,5
biplane_s_002307.png,10,0
station_wagon_s_001144.png,10,1
canis_familiaris_s_000381.png,10,5
horse_s_000057.png,10,7
midwife_toad_s_000105.png,10,6
cat_s_002259.png,10,3
station_wagon_s_002656.png,10,1
wagon_s_001104.png,10,1
bufo_s_001074.png,10,6
coupe_s_000419.png,10,1
cargo_vessel_s_000396.png,10,8
convertible_s_002946.png,10,1
coupe_s_001689.png,10,1
bufo_marinus_s_000054.png,10,6
lipizzan_s_000623.png,10,7
lightship_s_001646.png,10,8
frog_s_003190.png,10,6
tennessee_walker_s_000535.png,10,7
amphibious_aircraft_s_000343.png,10,0
houseboat_s_000021.png,10,8
tailed_frog_s_000786.png,10,6
twinjet_s_000125.png,10,0
cabin_cruiser_s_000398.png,10,8
stealth_bomber_s_001487.png,10,0
fighter_aircraft_s_000650.png,10,0
pilot_boat_s_000533.png,10,8
japanese_spaniel_s_000111.png,10,5
maltese_s_000288.png,10,5
stealth_bomber_s_000001.png,10,0
scow_s_000203.png,10,8
alauda_arvensis_s_000891.png,10,2
dumper_s_001405.png,10,9
tennessee_walking_horse_s_000752.png,10,7
stealth_bomber_s_000019.png,10,0
pekinese_s_002087.png,10,5
passerine_s_001372.png,10,2
bird_s_001829.png,10,2
cargo_vessel_s_001720.png,10,8
station_wagon_s_001408.png,10,1
barking_deer_s_000266.png,10,4
rana_temporaria_s_000299.png,10,6
convertible_s_001418.png,10,1
deer_s_001710.png,10,4
jumbojet_s_000324.png,10,0
leptodactylus_pentadactylus_s_000114.png,10,6
domestic_cat_s_000939.png,10,3
american_elk_s_000774.png,10,4
bufo_bufo_s_000394.png,10,6
flying_bird_s_001998.png,10,2
compact_car_s_001855.png,10,1
fire_truck_s_001395.png,10,9
green_frog_s_001451.png,10,6
trucking_rig_s_000004.png,10,9
tabby_s_000120.png,10,3
fallow_deer_s_001524.png,10,4
deer_s_001275.png,10,4
pekingese_s_001862.png,10,5
lipizzan_s_000234.png,10,7
coupe_s_002278.png,10,1
convertible_s_000147.png,10,1
airliner_s_000551.png,10,0
leopard_frog_s_000317.png,10,6
fireboat_s_000410.png,10,8
domestic_cat_s_001555.png,10,3
puppy_s_002460.png,10,5
coupe_s_001736.png,10,1
gelding_s_001552.png,10,7
honey_eater_s_001283.png,10,2
boat_s_002106.png,10,8
dump_truck_s_000331.png,10,9
reconnaissance_plane_s_000357.png,10,0
ostrich_s_002266.png,10,2
delivery_van_s_000331.png,10,9
compact_car_s_001007.png,10,1
cruiser_s_000016.png,10,8
lark_s_001500.png,10,2
station_wagon_s_000585.png,10,1
maltese_s_002229.png,10,5
dog_s_001694.png,10,5
passerine_s_001090.png,10,2
cat_s_002705.png,10,3
motorcar_s_001301.png,10,1
rana_temporaria_s_000294.png,10,6
pekinese_s_001121.png,10,5
pickerel_frog_s_001014.png,10,6
car_transporter_s_000172.png,10,9
ship_s_000352.png,10,8
container_vessel_s_000978.png,10,8
emu_s_002220.png,10,2
rana_temporaria_s_000129.png,10,6
dive_bomber_s_000656.png,10,0
honey_eater_s_001314.png,10,2
aerial_ladder_truck_s_000579.png,10,9
cargo_ship_s_002341.png,10,8
bullfrog_s_000876.png,10,6
truck_s_000291.png,10,9
sea_boat_s_001065.png,10,8
maltese_s_001907.png,10,5
true_frog_s_000424.png,10,6
appaloosa_s_002276.png,10,7
tabby_s_001519.png,10,3
rana_temporaria_s_000045.png,10,6
bufo_bufo_s_000798.png,10,6
stealth_bomber_s_001075.png,10,0
stag_s_002975.png,10,4
ostrich_s_001597.png,10,2
mule_deer_s_000129.png,10,4
fawn_s_001809.png,10,4
convertible_s_000844.png,10,1
house_cat_s_001293.png,10,3
motorcar_s_002045.png,10,1
cat_s_000911.png,10,3
deer_s_000948.png,10,4
amphibious_aircraft_s_000131.png,10,0
elk_s_000296.png,10,4
maltese_s_000104.png,10,5
automobile_s_001784.png,10,1
emu_s_001323.png,10,2
cat_s_002193.png,10,3
police_cruiser_s_000880.png,10,1
gelding_s_000089.png,10,7
moose_s_001608.png,10,4
grass_frog_s_000057.png,10,6
pleasure_boat_s_000617.png,10,8
